DateKey,FullDate,Day,Month,Year,DayName,MonthName,Quarter,Half,YearMonth,IsWeekend
1,2023-01-01,1,1,2023,Sunday,Jan,Q1,H1,01/2023,1
2,2023-01-02,2,1,2023,Monday,Jan,Q1,H1,01/2023,0
3,2023-01-03,3,1,2023,Tuesday,Jan,Q1,H1,01/2023,0
4,2023-01-04,4,1,2023,Wednesday,Jan,Q1,H1,01/2023,0
5,2023-01-05,5,1,2023,Thursday,Jan,Q1,H1,01/2023,0
6,2023-01-06,6,1,2023,Friday,Jan,Q1,H1,01/2023,0
7,2023-01-07,7,1,2023,Saturday,Jan,Q1,H1,01/2023,1
8,2023-01-08,8,1,2023,Sunday,Jan,Q1,H1,01/2023,1
9,2023-01-09,9,1,2023,Monday,Jan,Q1,H1,01/2023,0
10,2023-01-10,10,1,2023,Tuesday,Jan,Q1,H1,01/2023,0
11,2023-01-11,11,1,2023,Wednesday,Jan,Q1,H1,01/2023,0
12,2023-01-12,12,1,2023,Thursday,Jan,Q1,H1,01/2023,0
13,2023-01-13,13,1,2023,Friday,Jan,Q1,H1,01/2023,0
14,2023-01-14,14,1,2023,Saturday,Jan,Q1,H1,01/2023,1
15,2023-01-15,15,1,2023,Sunday,Jan,Q1,H1,01/2023,1
16,2023-01-16,16,1,2023,Monday,Jan,Q1,H1,01/2023,0
17,2023-01-17,17,1,2023,Tuesday,Jan,Q1,H1,01/2023,0
18,2023-01-18,18,1,2023,Wednesday,Jan,Q1,H1,01/2023,0
19,2023-01-19,19,1,2023,Thursday,Jan,Q1,H1,01/2023,0
20,2023-01-20,20,1,2023,Friday,Jan,Q1,H1,01/2023,0
21,2023-01-21,21,1,2023,Saturday,Jan,Q1,H1,01/2023,1
22,2023-01-22,22,1,2023,Sunday,Jan,Q1,H1,01/2023,1
23,2023-01-23,23,1,2023,Monday,Jan,Q1,H1,01/2023,0
24,2023-01-24,24,1,2023,Tuesday,Jan,Q1,H1,01/2023,0
25,2023-01-25,25,1,2023,Wednesday,Jan,Q1,H1,01/2023,0
26,2023-01-26,26,1,2023,Thursday,Jan,Q1,H1,01/2023,0
27,2023-01-27,27,1,2023,Friday,Jan,Q1,H1,01/2023,0
28,2023-01-28,28,1,2023,Saturday,Jan,Q1,H1,01/2023,1
29,2023-01-29,29,1,2023,Sunday,Jan,Q1,H1,01/2023,1
30,2023-01-30,30,1,2023,Monday,Jan,Q1,H1,01/2023,0
31,2023-01-31,31,1,2023,Tuesday,Jan,Q1,H1,01/2023,0
32,2023-02-01,1,2,2023,Wednesday,Feb,Q1,H1,02/2023,0
33,2023-02-02,2,2,2023,Thursday,Feb,Q1,H1,02/2023,0
34,2023-02-03,3,2,2023,Friday,Feb,Q1,H1,02/2023,0
35,2023-02-04,4,2,2023,Saturday,Feb,Q1,H1,02/2023,1
36,2023-02-05,5,2,2023,Sunday,Feb,Q1,H1,02/2023,1
37,2023-02-06,6,2,2023,Monday,Feb,Q1,H1,02/2023,0
38,2023-02-07,7,2,2023,Tuesday,Feb,Q1,H1,02/2023,0
39,2023-02-08,8,2,2023,Wednesday,Feb,Q1,H1,02/2023,0
40,2023-02-09,9,2,2023,Thursday,Feb,Q1,H1,02/2023,0
41,2023-02-10,10,2,2023,Friday,Feb,Q1,H1,02/2023,0
42,2023-02-11,11,2,2023,Saturday,Feb,Q1,H1,02/2023,1
43,2023-02-12,12,2,2023,Sunday,Feb,Q1,H1,02/2023,1
44,2023-02-13,13,2,2023,Monday,Feb,Q1,H1,02/2023,0
45,2023-02-14,14,2,2023,Tuesday,Feb,Q1,H1,02/2023,0
46,2023-02-15,15,2,2023,Wednesday,Feb,Q1,H1,02/2023,0
47,2023-02-16,16,2,2023,Thursday,Feb,Q1,H1,02/2023,0
48,2023-02-17,17,2,2023,Friday,Feb,Q1,H1,02/2023,0
49,2023-02-18,18,2,2023,Saturday,Feb,Q1,H1,02/2023,1
50,2023-02-19,19,2,2023,Sunday,Feb,Q1,H1,02/2023,1
51,2023-02-20,20,2,2023,Monday,Feb,Q1,H1,02/2023,0
52,2023-02-21,21,2,2023,Tuesday,Feb,Q1,H1,02/2023,0
53,2023-02-22,22,2,2023,Wednesday,Feb,Q1,H1,02/2023,0
54,2023-02-23,23,2,2023,Thursday,Feb,Q1,H1,02/2023,0
55,2023-02-24,24,2,2023,Friday,Feb,Q1,H1,02/2023,0
56,2023-02-25,25,2,2023,Saturday,Feb,Q1,H1,02/2023,1
57,2023-02-26,26,2,2023,Sunday,Feb,Q1,H1,02/2023,1
58,2023-02-27,27,2,2023,Monday,Feb,Q1,H1,02/2023,0
59,2023-02-28,28,2,2023,Tuesday,Feb,Q1,H1,02/2023,0
60,2023-03-01,1,3,2023,Wednesday,Mar,Q1,H1,03/2023,0
61,2023-03-02,2,3,2023,Thursday,Mar,Q1,H1,03/2023,0
62,2023-03-03,3,3,2023,Friday,Mar,Q1,H1,03/2023,0
63,2023-03-04,4,3,2023,Saturday,Mar,Q1,H1,03/2023,1
64,2023-03-05,5,3,2023,Sunday,Mar,Q1,H1,03/2023,1
65,2023-03-06,6,3,2023,Monday,Mar,Q1,H1,03/2023,0
66,2023-03-07,7,3,2023,Tuesday,Mar,Q1,H1,03/2023,0
67,2023-03-08,8,3,2023,Wednesday,Mar,Q1,H1,03/2023,0
68,2023-03-09,9,3,2023,Thursday,Mar,Q1,H1,03/2023,0
69,2023-03-10,10,3,2023,Friday,Mar,Q1,H1,03/2023,0
70,2023-03-11,11,3,2023,Saturday,Mar,Q1,H1,03/2023,1
71,2023-03-12,12,3,2023,Sunday,Mar,Q1,H1,03/2023,1
72,2023-03-13,13,3,2023,Monday,Mar,Q1,H1,03/2023,0
73,2023-03-14,14,3,2023,Tuesday,Mar,Q1,H1,03/2023,0
74,2023-03-15,15,3,2023,Wednesday,Mar,Q1,H1,03/2023,0
75,2023-03-16,16,3,2023,Thursday,Mar,Q1,H1,03/2023,0
76,2023-03-17,17,3,2023,Friday,Mar,Q1,H1,03/2023,0
77,2023-03-18,18,3,2023,Saturday,Mar,Q1,H1,03/2023,1
78,2023-03-19,19,3,2023,Sunday,Mar,Q1,H1,03/2023,1
79,2023-03-20,20,3,2023,Monday,Mar,Q1,H1,03/2023,0
80,2023-03-21,21,3,2023,Tuesday,Mar,Q1,H1,03/2023,0
81,2023-03-22,22,3,2023,Wednesday,Mar,Q1,H1,03/2023,0
82,2023-03-23,23,3,2023,Thursday,Mar,Q1,H1,03/2023,0
83,2023-03-24,24,3,2023,Friday,Mar,Q1,H1,03/2023,0
84,2023-03-25,25,3,2023,Saturday,Mar,Q1,H1,03/2023,1
85,2023-03-26,26,3,2023,Sunday,Mar,Q1,H1,03/2023,1
86,2023-03-27,27,3,2023,Monday,Mar,Q1,H1,03/2023,0
87,2023-03-28,28,3,2023,Tuesday,Mar,Q1,H1,03/2023,0
88,2023-03-29,29,3,2023,Wednesday,Mar,Q1,H1,03/2023,0
89,2023-03-30,30,3,2023,Thursday,Mar,Q1,H1,03/2023,0
90,2023-03-31,31,3,2023,Friday,Mar,Q1,H1,03/2023,0
91,2023-04-01,1,4,2023,Saturday,Apr,Q2,H1,04/2023,1
92,2023-04-02,2,4,2023,Sunday,Apr,Q2,H1,04/2023,1
93,2023-04-03,3,4,2023,Monday,Apr,Q2,H1,04/2023,0
94,2023-04-04,4,4,2023,Tuesday,Apr,Q2,H1,04/2023,0
95,2023-04-05,5,4,2023,Wednesday,Apr,Q2,H1,04/2023,0
96,2023-04-06,6,4,2023,Thursday,Apr,Q2,H1,04/2023,0
97,2023-04-07,7,4,2023,Friday,Apr,Q2,H1,04/2023,0
98,2023-04-08,8,4,2023,Saturday,Apr,Q2,H1,04/2023,1
99,2023-04-09,9,4,2023,Sunday,Apr,Q2,H1,04/2023,1
100,2023-04-10,10,4,2023,Monday,Apr,Q2,H1,04/2023,0
101,2023-04-11,11,4,2023,Tuesday,Apr,Q2,H1,04/2023,0
102,2023-04-12,12,4,2023,Wednesday,Apr,Q2,H1,04/2023,0
103,2023-04-13,13,4,2023,Thursday,Apr,Q2,H1,04/2023,0
104,2023-04-14,14,4,2023,Friday,Apr,Q2,H1,04/2023,0
105,2023-04-15,15,4,2023,Saturday,Apr,Q2,H1,04/2023,1
106,2023-04-16,16,4,2023,Sunday,Apr,Q2,H1,04/2023,1
107,2023-04-17,17,4,2023,Monday,Apr,Q2,H1,04/2023,0
108,2023-04-18,18,4,2023,Tuesday,Apr,Q2,H1,04/2023,0
109,2023-04-19,19,4,2023,Wednesday,Apr,Q2,H1,04/2023,0
110,2023-04-20,20,4,2023,Thursday,Apr,Q2,H1,04/2023,0
111,2023-04-21,21,4,2023,Friday,Apr,Q2,H1,04/2023,0
112,2023-04-22,22,4,2023,Saturday,Apr,Q2,H1,04/2023,1
113,2023-04-23,23,4,2023,Sunday,Apr,Q2,H1,04/2023,1
114,2023-04-24,24,4,2023,Monday,Apr,Q2,H1,04/2023,0
115,2023-04-25,25,4,2023,Tuesday,Apr,Q2,H1,04/2023,0
116,2023-04-26,26,4,2023,Wednesday,Apr,Q2,H1,04/2023,0
117,2023-04-27,27,4,2023,Thursday,Apr,Q2,H1,04/2023,0
118,2023-04-28,28,4,2023,Friday,Apr,Q2,H1,04/2023,0
119,2023-04-29,29,4,2023,Saturday,Apr,Q2,H1,04/2023,1
120,2023-04-30,30,4,2023,Sunday,Apr,Q2,H1,04/2023,1
121,2023-05-01,1,5,2023,Monday,May,Q2,H1,05/2023,0
122,2023-05-02,2,5,2023,Tuesday,May,Q2,H1,05/2023,0
123,2023-05-03,3,5,2023,Wednesday,May,Q2,H1,05/2023,0
124,2023-05-04,4,5,2023,Thursday,May,Q2,H1,05/2023,0
125,2023-05-05,5,5,2023,Friday,May,Q2,H1,05/2023,0
126,2023-05-06,6,5,2023,Saturday,May,Q2,H1,05/2023,1
127,2023-05-07,7,5,2023,Sunday,May,Q2,H1,05/2023,1
128,2023-05-08,8,5,2023,Monday,May,Q2,H1,05/2023,0
129,2023-05-09,9,5,2023,Tuesday,May,Q2,H1,05/2023,0
130,2023-05-10,10,5,2023,Wednesday,May,Q2,H1,05/2023,0
131,2023-05-11,11,5,2023,Thursday,May,Q2,H1,05/2023,0
132,2023-05-12,12,5,2023,Friday,May,Q2,H1,05/2023,0
133,2023-05-13,13,5,2023,Saturday,May,Q2,H1,05/2023,1
134,2023-05-14,14,5,2023,Sunday,May,Q2,H1,05/2023,1
135,2023-05-15,15,5,2023,Monday,May,Q2,H1,05/2023,0
136,2023-05-16,16,5,2023,Tuesday,May,Q2,H1,05/2023,0
137,2023-05-17,17,5,2023,Wednesday,May,Q2,H1,05/2023,0
138,2023-05-18,18,5,2023,Thursday,May,Q2,H1,05/2023,0
139,2023-05-19,19,5,2023,Friday,May,Q2,H1,05/2023,0
140,2023-05-20,20,5,2023,Saturday,May,Q2,H1,05/2023,1
141,2023-05-21,21,5,2023,Sunday,May,Q2,H1,05/2023,1
142,2023-05-22,22,5,2023,Monday,May,Q2,H1,05/2023,0
143,2023-05-23,23,5,2023,Tuesday,May,Q2,H1,05/2023,0
144,2023-05-24,24,5,2023,Wednesday,May,Q2,H1,05/2023,0
145,2023-05-25,25,5,2023,Thursday,May,Q2,H1,05/2023,0
146,2023-05-26,26,5,2023,Friday,May,Q2,H1,05/2023,0
147,2023-05-27,27,5,2023,Saturday,May,Q2,H1,05/2023,1
148,2023-05-28,28,5,2023,Sunday,May,Q2,H1,05/2023,1
149,2023-05-29,29,5,2023,Monday,May,Q2,H1,05/2023,0
150,2023-05-30,30,5,2023,Tuesday,May,Q2,H1,05/2023,0
151,2023-05-31,31,5,2023,Wednesday,May,Q2,H1,05/2023,0
152,2023-06-01,1,6,2023,Thursday,Jun,Q2,H1,06/2023,0
153,2023-06-02,2,6,2023,Friday,Jun,Q2,H1,06/2023,0
154,2023-06-03,3,6,2023,Saturday,Jun,Q2,H1,06/2023,1
155,2023-06-04,4,6,2023,Sunday,Jun,Q2,H1,06/2023,1
156,2023-06-05,5,6,2023,Monday,Jun,Q2,H1,06/2023,0
157,2023-06-06,6,6,2023,Tuesday,Jun,Q2,H1,06/2023,0
158,2023-06-07,7,6,2023,Wednesday,Jun,Q2,H1,06/2023,0
159,2023-06-08,8,6,2023,Thursday,Jun,Q2,H1,06/2023,0
160,2023-06-09,9,6,2023,Friday,Jun,Q2,H1,06/2023,0
161,2023-06-10,10,6,2023,Saturday,Jun,Q2,H1,06/2023,1
162,2023-06-11,11,6,2023,Sunday,Jun,Q2,H1,06/2023,1
163,2023-06-12,12,6,2023,Monday,Jun,Q2,H1,06/2023,0
164,2023-06-13,13,6,2023,Tuesday,Jun,Q2,H1,06/2023,0
165,2023-06-14,14,6,2023,Wednesday,Jun,Q2,H1,06/2023,0
166,2023-06-15,15,6,2023,Thursday,Jun,Q2,H1,06/2023,0
167,2023-06-16,16,6,2023,Friday,Jun,Q2,H1,06/2023,0
168,2023-06-17,17,6,2023,Saturday,Jun,Q2,H1,06/2023,1
169,2023-06-18,18,6,2023,Sunday,Jun,Q2,H1,06/2023,1
170,2023-06-19,19,6,2023,Monday,Jun,Q2,H1,06/2023,0
171,2023-06-20,20,6,2023,Tuesday,Jun,Q2,H1,06/2023,0
172,2023-06-21,21,6,2023,Wednesday,Jun,Q2,H1,06/2023,0
173,2023-06-22,22,6,2023,Thursday,Jun,Q2,H1,06/2023,0
174,2023-06-23,23,6,2023,Friday,Jun,Q2,H1,06/2023,0
175,2023-06-24,24,6,2023,Saturday,Jun,Q2,H1,06/2023,1
176,2023-06-25,25,6,2023,Sunday,Jun,Q2,H1,06/2023,1
177,2023-06-26,26,6,2023,Monday,Jun,Q2,H1,06/2023,0
178,2023-06-27,27,6,2023,Tuesday,Jun,Q2,H1,06/2023,0
179,2023-06-28,28,6,2023,Wednesday,Jun,Q2,H1,06/2023,0
180,2023-06-29,29,6,2023,Thursday,Jun,Q2,H1,06/2023,0
181,2023-06-30,30,6,2023,Friday,Jun,Q2,H1,06/2023,0
182,2023-07-01,1,7,2023,Saturday,Jul,Q3,H2,07/2023,1
183,2023-07-02,2,7,2023,Sunday,Jul,Q3,H2,07/2023,1
184,2023-07-03,3,7,2023,Monday,Jul,Q3,H2,07/2023,0
185,2023-07-04,4,7,2023,Tuesday,Jul,Q3,H2,07/2023,0
186,2023-07-05,5,7,2023,Wednesday,Jul,Q3,H2,07/2023,0
187,2023-07-06,6,7,2023,Thursday,Jul,Q3,H2,07/2023,0
188,2023-07-07,7,7,2023,Friday,Jul,Q3,H2,07/2023,0
189,2023-07-08,8,7,2023,Saturday,Jul,Q3,H2,07/2023,1
190,2023-07-09,9,7,2023,Sunday,Jul,Q3,H2,07/2023,1
191,2023-07-10,10,7,2023,Monday,Jul,Q3,H2,07/2023,0
192,2023-07-11,11,7,2023,Tuesday,Jul,Q3,H2,07/2023,0
193,2023-07-12,12,7,2023,Wednesday,Jul,Q3,H2,07/2023,0
194,2023-07-13,13,7,2023,Thursday,Jul,Q3,H2,07/2023,0
195,2023-07-14,14,7,2023,Friday,Jul,Q3,H2,07/2023,0
196,2023-07-15,15,7,2023,Saturday,Jul,Q3,H2,07/2023,1
197,2023-07-16,16,7,2023,Sunday,Jul,Q3,H2,07/2023,1
198,2023-07-17,17,7,2023,Monday,Jul,Q3,H2,07/2023,0
199,2023-07-18,18,7,2023,Tuesday,Jul,Q3,H2,07/2023,0
200,2023-07-19,19,7,2023,Wednesday,Jul,Q3,H2,07/2023,0
201,2023-07-20,20,7,2023,Thursday,Jul,Q3,H2,07/2023,0
202,2023-07-21,21,7,2023,Friday,Jul,Q3,H2,07/2023,0
203,2023-07-22,22,7,2023,Saturday,Jul,Q3,H2,07/2023,1
204,2023-07-23,23,7,2023,Sunday,Jul,Q3,H2,07/2023,1
205,2023-07-24,24,7,2023,Monday,Jul,Q3,H2,07/2023,0
206,2023-07-25,25,7,2023,Tuesday,Jul,Q3,H2,07/2023,0
207,2023-07-26,26,7,2023,Wednesday,Jul,Q3,H2,07/2023,0
208,2023-07-27,27,7,2023,Thursday,Jul,Q3,H2,07/2023,0
209,2023-07-28,28,7,2023,Friday,Jul,Q3,H2,07/2023,0
210,2023-07-29,29,7,2023,Saturday,Jul,Q3,H2,07/2023,1
211,2023-07-30,30,7,2023,Sunday,Jul,Q3,H2,07/2023,1
212,2023-07-31,31,7,2023,Monday,Jul,Q3,H2,07/2023,0
213,2023-08-01,1,8,2023,Tuesday,Aug,Q3,H2,08/2023,0
214,2023-08-02,2,8,2023,Wednesday,Aug,Q3,H2,08/2023,0
215,2023-08-03,3,8,2023,Thursday,Aug,Q3,H2,08/2023,0
216,2023-08-04,4,8,2023,Friday,Aug,Q3,H2,08/2023,0
217,2023-08-05,5,8,2023,Saturday,Aug,Q3,H2,08/2023,1
218,2023-08-06,6,8,2023,Sunday,Aug,Q3,H2,08/2023,1
219,2023-08-07,7,8,2023,Monday,Aug,Q3,H2,08/2023,0
220,2023-08-08,8,8,2023,Tuesday,Aug,Q3,H2,08/2023,0
221,2023-08-09,9,8,2023,Wednesday,Aug,Q3,H2,08/2023,0
222,2023-08-10,10,8,2023,Thursday,Aug,Q3,H2,08/2023,0
223,2023-08-11,11,8,2023,Friday,Aug,Q3,H2,08/2023,0
224,2023-08-12,12,8,2023,Saturday,Aug,Q3,H2,08/2023,1
225,2023-08-13,13,8,2023,Sunday,Aug,Q3,H2,08/2023,1
226,2023-08-14,14,8,2023,Monday,Aug,Q3,H2,08/2023,0
227,2023-08-15,15,8,2023,Tuesday,Aug,Q3,H2,08/2023,0
228,2023-08-16,16,8,2023,Wednesday,Aug,Q3,H2,08/2023,0
229,2023-08-17,17,8,2023,Thursday,Aug,Q3,H2,08/2023,0
230,2023-08-18,18,8,2023,Friday,Aug,Q3,H2,08/2023,0
231,2023-08-19,19,8,2023,Saturday,Aug,Q3,H2,08/2023,1
232,2023-08-20,20,8,2023,Sunday,Aug,Q3,H2,08/2023,1
233,2023-08-21,21,8,2023,Monday,Aug,Q3,H2,08/2023,0
234,2023-08-22,22,8,2023,Tuesday,Aug,Q3,H2,08/2023,0
235,2023-08-23,23,8,2023,Wednesday,Aug,Q3,H2,08/2023,0
236,2023-08-24,24,8,2023,Thursday,Aug,Q3,H2,08/2023,0
237,2023-08-25,25,8,2023,Friday,Aug,Q3,H2,08/2023,0
238,2023-08-26,26,8,2023,Saturday,Aug,Q3,H2,08/2023,1
239,2023-08-27,27,8,2023,Sunday,Aug,Q3,H2,08/2023,1
240,2023-08-28,28,8,2023,Monday,Aug,Q3,H2,08/2023,0
241,2023-08-29,29,8,2023,Tuesday,Aug,Q3,H2,08/2023,0
242,2023-08-30,30,8,2023,Wednesday,Aug,Q3,H2,08/2023,0
243,2023-08-31,31,8,2023,Thursday,Aug,Q3,H2,08/2023,0
244,2023-09-01,1,9,2023,Friday,Sep,Q3,H2,09/2023,0
245,2023-09-02,2,9,2023,Saturday,Sep,Q3,H2,09/2023,1
246,2023-09-03,3,9,2023,Sunday,Sep,Q3,H2,09/2023,1
247,2023-09-04,4,9,2023,Monday,Sep,Q3,H2,09/2023,0
248,2023-09-05,5,9,2023,Tuesday,Sep,Q3,H2,09/2023,0
249,2023-09-06,6,9,2023,Wednesday,Sep,Q3,H2,09/2023,0
250,2023-09-07,7,9,2023,Thursday,Sep,Q3,H2,09/2023,0
251,2023-09-08,8,9,2023,Friday,Sep,Q3,H2,09/2023,0
252,2023-09-09,9,9,2023,Saturday,Sep,Q3,H2,09/2023,1
253,2023-09-10,10,9,2023,Sunday,Sep,Q3,H2,09/2023,1
254,2023-09-11,11,9,2023,Monday,Sep,Q3,H2,09/2023,0
255,2023-09-12,12,9,2023,Tuesday,Sep,Q3,H2,09/2023,0
256,2023-09-13,13,9,2023,Wednesday,Sep,Q3,H2,09/2023,0
257,2023-09-14,14,9,2023,Thursday,Sep,Q3,H2,09/2023,0
258,2023-09-15,15,9,2023,Friday,Sep,Q3,H2,09/2023,0
259,2023-09-16,16,9,2023,Saturday,Sep,Q3,H2,09/2023,1
260,2023-09-17,17,9,2023,Sunday,Sep,Q3,H2,09/2023,1
261,2023-09-18,18,9,2023,Monday,Sep,Q3,H2,09/2023,0
262,2023-09-19,19,9,2023,Tuesday,Sep,Q3,H2,09/2023,0
263,2023-09-20,20,9,2023,Wednesday,Sep,Q3,H2,09/2023,0
264,2023-09-21,21,9,2023,Thursday,Sep,Q3,H2,09/2023,0
265,2023-09-22,22,9,2023,Friday,Sep,Q3,H2,09/2023,0
266,2023-09-23,23,9,2023,Saturday,Sep,Q3,H2,09/2023,1
267,2023-09-24,24,9,2023,Sunday,Sep,Q3,H2,09/2023,1
268,2023-09-25,25,9,2023,Monday,Sep,Q3,H2,09/2023,0
269,2023-09-26,26,9,2023,Tuesday,Sep,Q3,H2,09/2023,0
270,2023-09-27,27,9,2023,Wednesday,Sep,Q3,H2,09/2023,0
271,2023-09-28,28,9,2023,Thursday,Sep,Q3,H2,09/2023,0
272,2023-09-29,29,9,2023,Friday,Sep,Q3,H2,09/2023,0
273,2023-09-30,30,9,2023,Saturday,Sep,Q3,H2,09/2023,1
274,2023-10-01,1,10,2023,Sunday,Oct,Q4,H2,10/2023,1
275,2023-10-02,2,10,2023,Monday,Oct,Q4,H2,10/2023,0
276,2023-10-03,3,10,2023,Tuesday,Oct,Q4,H2,10/2023,0
277,2023-10-04,4,10,2023,Wednesday,Oct,Q4,H2,10/2023,0
278,2023-10-05,5,10,2023,Thursday,Oct,Q4,H2,10/2023,0
279,2023-10-06,6,10,2023,Friday,Oct,Q4,H2,10/2023,0
280,2023-10-07,7,10,2023,Saturday,Oct,Q4,H2,10/2023,1
281,2023-10-08,8,10,2023,Sunday,Oct,Q4,H2,10/2023,1
282,2023-10-09,9,10,2023,Monday,Oct,Q4,H2,10/2023,0
283,2023-10-10,10,10,2023,Tuesday,Oct,Q4,H2,10/2023,0
284,2023-10-11,11,10,2023,Wednesday,Oct,Q4,H2,10/2023,0
285,2023-10-12,12,10,2023,Thursday,Oct,Q4,H2,10/2023,0
286,2023-10-13,13,10,2023,Friday,Oct,Q4,H2,10/2023,0
287,2023-10-14,14,10,2023,Saturday,Oct,Q4,H2,10/2023,1
288,2023-10-15,15,10,2023,Sunday,Oct,Q4,H2,10/2023,1
289,2023-10-16,16,10,2023,Monday,Oct,Q4,H2,10/2023,0
290,2023-10-17,17,10,2023,Tuesday,Oct,Q4,H2,10/2023,0
291,2023-10-18,18,10,2023,Wednesday,Oct,Q4,H2,10/2023,0
292,2023-10-19,19,10,2023,Thursday,Oct,Q4,H2,10/2023,0
293,2023-10-20,20,10,2023,Friday,Oct,Q4,H2,10/2023,0
294,2023-10-21,21,10,2023,Saturday,Oct,Q4,H2,10/2023,1
295,2023-10-22,22,10,2023,Sunday,Oct,Q4,H2,10/2023,1
296,2023-10-23,23,10,2023,Monday,Oct,Q4,H2,10/2023,0
297,2023-10-24,24,10,2023,Tuesday,Oct,Q4,H2,10/2023,0
298,2023-10-25,25,10,2023,Wednesday,Oct,Q4,H2,10/2023,0
299,2023-10-26,26,10,2023,Thursday,Oct,Q4,H2,10/2023,0
300,2023-10-27,27,10,2023,Friday,Oct,Q4,H2,10/2023,0
301,2023-10-28,28,10,2023,Saturday,Oct,Q4,H2,10/2023,1
302,2023-10-29,29,10,2023,Sunday,Oct,Q4,H2,10/2023,1
303,2023-10-30,30,10,2023,Monday,Oct,Q4,H2,10/2023,0
304,2023-10-31,31,10,2023,Tuesday,Oct,Q4,H2,10/2023,0
305,2023-11-01,1,11,2023,Wednesday,Nov,Q4,H2,11/2023,0
306,2023-11-02,2,11,2023,Thursday,Nov,Q4,H2,11/2023,0
307,2023-11-03,3,11,2023,Friday,Nov,Q4,H2,11/2023,0
308,2023-11-04,4,11,2023,Saturday,Nov,Q4,H2,11/2023,1
309,2023-11-05,5,11,2023,Sunday,Nov,Q4,H2,11/2023,1
310,2023-11-06,6,11,2023,Monday,Nov,Q4,H2,11/2023,0
311,2023-11-07,7,11,2023,Tuesday,Nov,Q4,H2,11/2023,0
312,2023-11-08,8,11,2023,Wednesday,Nov,Q4,H2,11/2023,0
313,2023-11-09,9,11,2023,Thursday,Nov,Q4,H2,11/2023,0
314,2023-11-10,10,11,2023,Friday,Nov,Q4,H2,11/2023,0
315,2023-11-11,11,11,2023,Saturday,Nov,Q4,H2,11/2023,1
316,2023-11-12,12,11,2023,Sunday,Nov,Q4,H2,11/2023,1
317,2023-11-13,13,11,2023,Monday,Nov,Q4,H2,11/2023,0
318,2023-11-14,14,11,2023,Tuesday,Nov,Q4,H2,11/2023,0
319,2023-11-15,15,11,2023,Wednesday,Nov,Q4,H2,11/2023,0
320,2023-11-16,16,11,2023,Thursday,Nov,Q4,H2,11/2023,0
321,2023-11-17,17,11,2023,Friday,Nov,Q4,H2,11/2023,0
322,2023-11-18,18,11,2023,Saturday,Nov,Q4,H2,11/2023,1
323,2023-11-19,19,11,2023,Sunday,Nov,Q4,H2,11/2023,1
324,2023-11-20,20,11,2023,Monday,Nov,Q4,H2,11/2023,0
325,2023-11-21,21,11,2023,Tuesday,Nov,Q4,H2,11/2023,0
326,2023-11-22,22,11,2023,Wednesday,Nov,Q4,H2,11/2023,0
327,2023-11-23,23,11,2023,Thursday,Nov,Q4,H2,11/2023,0
328,2023-11-24,24,11,2023,Friday,Nov,Q4,H2,11/2023,0
329,2023-11-25,25,11,2023,Saturday,Nov,Q4,H2,11/2023,1
330,2023-11-26,26,11,2023,Sunday,Nov,Q4,H2,11/2023,1
331,2023-11-27,27,11,2023,Monday,Nov,Q4,H2,11/2023,0
332,2023-11-28,28,11,2023,Tuesday,Nov,Q4,H2,11/2023,0
333,2023-11-29,29,11,2023,Wednesday,Nov,Q4,H2,11/2023,0
334,2023-11-30,30,11,2023,Thursday,Nov,Q4,H2,11/2023,0
335,2023-12-01,1,12,2023,Friday,Dec,Q4,H2,12/2023,0
336,2023-12-02,2,12,2023,Saturday,Dec,Q4,H2,12/2023,1
337,2023-12-03,3,12,2023,Sunday,Dec,Q4,H2,12/2023,1
338,2023-12-04,4,12,2023,Monday,Dec,Q4,H2,12/2023,0
339,2023-12-05,5,12,2023,Tuesday,Dec,Q4,H2,12/2023,0
340,2023-12-06,6,12,2023,Wednesday,Dec,Q4,H2,12/2023,0
341,2023-12-07,7,12,2023,Thursday,Dec,Q4,H2,12/2023,0
342,2023-12-08,8,12,2023,Friday,Dec,Q4,H2,12/2023,0
343,2023-12-09,9,12,2023,Saturday,Dec,Q4,H2,12/2023,1
344,2023-12-10,10,12,2023,Sunday,Dec,Q4,H2,12/2023,1
345,2023-12-11,11,12,2023,Monday,Dec,Q4,H2,12/2023,0
346,2023-12-12,12,12,2023,Tuesday,Dec,Q4,H2,12/2023,0
347,2023-12-13,13,12,2023,Wednesday,Dec,Q4,H2,12/2023,0
348,2023-12-14,14,12,2023,Thursday,Dec,Q4,H2,12/2023,0
349,2023-12-15,15,12,2023,Friday,Dec,Q4,H2,12/2023,0
350,2023-12-16,16,12,2023,Saturday,Dec,Q4,H2,12/2023,1
351,2023-12-17,17,12,2023,Sunday,Dec,Q4,H2,12/2023,1
352,2023-12-18,18,12,2023,Monday,Dec,Q4,H2,12/2023,0
353,2023-12-19,19,12,2023,Tuesday,Dec,Q4,H2,12/2023,0
354,2023-12-20,20,12,2023,Wednesday,Dec,Q4,H2,12/2023,0
355,2023-12-21,21,12,2023,Thursday,Dec,Q4,H2,12/2023,0
356,2023-12-22,22,12,2023,Friday,Dec,Q4,H2,12/2023,0
357,2023-12-23,23,12,2023,Saturday,Dec,Q4,H2,12/2023,1
358,2023-12-24,24,12,2023,Sunday,Dec,Q4,H2,12/2023,1
359,2023-12-25,25,12,2023,Monday,Dec,Q4,H2,12/2023,0
360,2023-12-26,26,12,2023,Tuesday,Dec,Q4,H2,12/2023,0
361,2023-12-27,27,12,2023,Wednesday,Dec,Q4,H2,12/2023,0
362,2023-12-28,28,12,2023,Thursday,Dec,Q4,H2,12/2023,0
363,2023-12-29,29,12,2023,Friday,Dec,Q4,H2,12/2023,0
364,2023-12-30,30,12,2023,Saturday,Dec,Q4,H2,12/2023,1
365,2023-12-31,31,12,2023,Sunday,Dec,Q4,H2,12/2023,1
366,2024-01-01,1,1,2024,Monday,Jan,Q1,H1,01/2024,0
367,2024-01-02,2,1,2024,Tuesday,Jan,Q1,H1,01/2024,0
368,2024-01-03,3,1,2024,Wednesday,Jan,Q1,H1,01/2024,0
369,2024-01-04,4,1,2024,Thursday,Jan,Q1,H1,01/2024,0
370,2024-01-05,5,1,2024,Friday,Jan,Q1,H1,01/2024,0
371,2024-01-06,6,1,2024,Saturday,Jan,Q1,H1,01/2024,1
372,2024-01-07,7,1,2024,Sunday,Jan,Q1,H1,01/2024,1
373,2024-01-08,8,1,2024,Monday,Jan,Q1,H1,01/2024,0
374,2024-01-09,9,1,2024,Tuesday,Jan,Q1,H1,01/2024,0
375,2024-01-10,10,1,2024,Wednesday,Jan,Q1,H1,01/2024,0
376,2024-01-11,11,1,2024,Thursday,Jan,Q1,H1,01/2024,0
377,2024-01-12,12,1,2024,Friday,Jan,Q1,H1,01/2024,0
378,2024-01-13,13,1,2024,Saturday,Jan,Q1,H1,01/2024,1
379,2024-01-14,14,1,2024,Sunday,Jan,Q1,H1,01/2024,1
380,2024-01-15,15,1,2024,Monday,Jan,Q1,H1,01/2024,0
381,2024-01-16,16,1,2024,Tuesday,Jan,Q1,H1,01/2024,0
382,2024-01-17,17,1,2024,Wednesday,Jan,Q1,H1,01/2024,0
383,2024-01-18,18,1,2024,Thursday,Jan,Q1,H1,01/2024,0
384,2024-01-19,19,1,2024,Friday,Jan,Q1,H1,01/2024,0
385,2024-01-20,20,1,2024,Saturday,Jan,Q1,H1,01/2024,1
386,2024-01-21,21,1,2024,Sunday,Jan,Q1,H1,01/2024,1
387,2024-01-22,22,1,2024,Monday,Jan,Q1,H1,01/2024,0
388,2024-01-23,23,1,2024,Tuesday,Jan,Q1,H1,01/2024,0
389,2024-01-24,24,1,2024,Wednesday,Jan,Q1,H1,01/2024,0
390,2024-01-25,25,1,2024,Thursday,Jan,Q1,H1,01/2024,0
391,2024-01-26,26,1,2024,Friday,Jan,Q1,H1,01/2024,0
392,2024-01-27,27,1,2024,Saturday,Jan,Q1,H1,01/2024,1
393,2024-01-28,28,1,2024,Sunday,Jan,Q1,H1,01/2024,1
394,2024-01-29,29,1,2024,Monday,Jan,Q1,H1,01/2024,0
395,2024-01-30,30,1,2024,Tuesday,Jan,Q1,H1,01/2024,0
396,2024-01-31,31,1,2024,Wednesday,Jan,Q1,H1,01/2024,0
397,2024-02-01,1,2,2024,Thursday,Feb,Q1,H1,02/2024,0
398,2024-02-02,2,2,2024,Friday,Feb,Q1,H1,02/2024,0
399,2024-02-03,3,2,2024,Saturday,Feb,Q1,H1,02/2024,1
400,2024-02-04,4,2,2024,Sunday,Feb,Q1,H1,02/2024,1
401,2024-02-05,5,2,2024,Monday,Feb,Q1,H1,02/2024,0
402,2024-02-06,6,2,2024,Tuesday,Feb,Q1,H1,02/2024,0
403,2024-02-07,7,2,2024,Wednesday,Feb,Q1,H1,02/2024,0
404,2024-02-08,8,2,2024,Thursday,Feb,Q1,H1,02/2024,0
405,2024-02-09,9,2,2024,Friday,Feb,Q1,H1,02/2024,0
406,2024-02-10,10,2,2024,Saturday,Feb,Q1,H1,02/2024,1
407,2024-02-11,11,2,2024,Sunday,Feb,Q1,H1,02/2024,1
408,2024-02-12,12,2,2024,Monday,Feb,Q1,H1,02/2024,0
409,2024-02-13,13,2,2024,Tuesday,Feb,Q1,H1,02/2024,0
410,2024-02-14,14,2,2024,Wednesday,Feb,Q1,H1,02/2024,0
411,2024-02-15,15,2,2024,Thursday,Feb,Q1,H1,02/2024,0
412,2024-02-16,16,2,2024,Friday,Feb,Q1,H1,02/2024,0
413,2024-02-17,17,2,2024,Saturday,Feb,Q1,H1,02/2024,1
414,2024-02-18,18,2,2024,Sunday,Feb,Q1,H1,02/2024,1
415,2024-02-19,19,2,2024,Monday,Feb,Q1,H1,02/2024,0
416,2024-02-20,20,2,2024,Tuesday,Feb,Q1,H1,02/2024,0
417,2024-02-21,21,2,2024,Wednesday,Feb,Q1,H1,02/2024,0
418,2024-02-22,22,2,2024,Thursday,Feb,Q1,H1,02/2024,0
419,2024-02-23,23,2,2024,Friday,Feb,Q1,H1,02/2024,0
420,2024-02-24,24,2,2024,Saturday,Feb,Q1,H1,02/2024,1
421,2024-02-25,25,2,2024,Sunday,Feb,Q1,H1,02/2024,1
422,2024-02-26,26,2,2024,Monday,Feb,Q1,H1,02/2024,0
423,2024-02-27,27,2,2024,Tuesday,Feb,Q1,H1,02/2024,0
424,2024-02-28,28,2,2024,Wednesday,Feb,Q1,H1,02/2024,0
425,2024-02-29,29,2,2024,Thursday,Feb,Q1,H1,02/2024,0
426,2024-03-01,1,3,2024,Friday,Mar,Q1,H1,03/2024,0
427,2024-03-02,2,3,2024,Saturday,Mar,Q1,H1,03/2024,1
428,2024-03-03,3,3,2024,Sunday,Mar,Q1,H1,03/2024,1
429,2024-03-04,4,3,2024,Monday,Mar,Q1,H1,03/2024,0
430,2024-03-05,5,3,2024,Tuesday,Mar,Q1,H1,03/2024,0
431,2024-03-06,6,3,2024,Wednesday,Mar,Q1,H1,03/2024,0
432,2024-03-07,7,3,2024,Thursday,Mar,Q1,H1,03/2024,0
433,2024-03-08,8,3,2024,Friday,Mar,Q1,H1,03/2024,0
434,2024-03-09,9,3,2024,Saturday,Mar,Q1,H1,03/2024,1
435,2024-03-10,10,3,2024,Sunday,Mar,Q1,H1,03/2024,1
436,2024-03-11,11,3,2024,Monday,Mar,Q1,H1,03/2024,0
437,2024-03-12,12,3,2024,Tuesday,Mar,Q1,H1,03/2024,0
438,2024-03-13,13,3,2024,Wednesday,Mar,Q1,H1,03/2024,0
439,2024-03-14,14,3,2024,Thursday,Mar,Q1,H1,03/2024,0
440,2024-03-15,15,3,2024,Friday,Mar,Q1,H1,03/2024,0
441,2024-03-16,16,3,2024,Saturday,Mar,Q1,H1,03/2024,1
442,2024-03-17,17,3,2024,Sunday,Mar,Q1,H1,03/2024,1
443,2024-03-18,18,3,2024,Monday,Mar,Q1,H1,03/2024,0
444,2024-03-19,19,3,2024,Tuesday,Mar,Q1,H1,03/2024,0
445,2024-03-20,20,3,2024,Wednesday,Mar,Q1,H1,03/2024,0
446,2024-03-21,21,3,2024,Thursday,Mar,Q1,H1,03/2024,0
447,2024-03-22,22,3,2024,Friday,Mar,Q1,H1,03/2024,0
448,2024-03-23,23,3,2024,Saturday,Mar,Q1,H1,03/2024,1
449,2024-03-24,24,3,2024,Sunday,Mar,Q1,H1,03/2024,1
450,2024-03-25,25,3,2024,Monday,Mar,Q1,H1,03/2024,0
451,2024-03-26,26,3,2024,Tuesday,Mar,Q1,H1,03/2024,0
452,2024-03-27,27,3,2024,Wednesday,Mar,Q1,H1,03/2024,0
453,2024-03-28,28,3,2024,Thursday,Mar,Q1,H1,03/2024,0
454,2024-03-29,29,3,2024,Friday,Mar,Q1,H1,03/2024,0
455,2024-03-30,30,3,2024,Saturday,Mar,Q1,H1,03/2024,1
456,2024-03-31,31,3,2024,Sunday,Mar,Q1,H1,03/2024,1
457,2024-04-01,1,4,2024,Monday,Apr,Q2,H1,04/2024,0
458,2024-04-02,2,4,2024,Tuesday,Apr,Q2,H1,04/2024,0
459,2024-04-03,3,4,2024,Wednesday,Apr,Q2,H1,04/2024,0
460,2024-04-04,4,4,2024,Thursday,Apr,Q2,H1,04/2024,0
461,2024-04-05,5,4,2024,Friday,Apr,Q2,H1,04/2024,0
462,2024-04-06,6,4,2024,Saturday,Apr,Q2,H1,04/2024,1
463,2024-04-07,7,4,2024,Sunday,Apr,Q2,H1,04/2024,1
464,2024-04-08,8,4,2024,Monday,Apr,Q2,H1,04/2024,0
465,2024-04-09,9,4,2024,Tuesday,Apr,Q2,H1,04/2024,0
466,2024-04-10,10,4,2024,Wednesday,Apr,Q2,H1,04/2024,0
467,2024-04-11,11,4,2024,Thursday,Apr,Q2,H1,04/2024,0
468,2024-04-12,12,4,2024,Friday,Apr,Q2,H1,04/2024,0
469,2024-04-13,13,4,2024,Saturday,Apr,Q2,H1,04/2024,1
470,2024-04-14,14,4,2024,Sunday,Apr,Q2,H1,04/2024,1
471,2024-04-15,15,4,2024,Monday,Apr,Q2,H1,04/2024,0
472,2024-04-16,16,4,2024,Tuesday,Apr,Q2,H1,04/2024,0
473,2024-04-17,17,4,2024,Wednesday,Apr,Q2,H1,04/2024,0
474,2024-04-18,18,4,2024,Thursday,Apr,Q2,H1,04/2024,0
475,2024-04-19,19,4,2024,Friday,Apr,Q2,H1,04/2024,0
476,2024-04-20,20,4,2024,Saturday,Apr,Q2,H1,04/2024,1
477,2024-04-21,21,4,2024,Sunday,Apr,Q2,H1,04/2024,1
478,2024-04-22,22,4,2024,Monday,Apr,Q2,H1,04/2024,0
479,2024-04-23,23,4,2024,Tuesday,Apr,Q2,H1,04/2024,0
480,2024-04-24,24,4,2024,Wednesday,Apr,Q2,H1,04/2024,0
481,2024-04-25,25,4,2024,Thursday,Apr,Q2,H1,04/2024,0
482,2024-04-26,26,4,2024,Friday,Apr,Q2,H1,04/2024,0
483,2024-04-27,27,4,2024,Saturday,Apr,Q2,H1,04/2024,1
484,2024-04-28,28,4,2024,Sunday,Apr,Q2,H1,04/2024,1
485,2024-04-29,29,4,2024,Monday,Apr,Q2,H1,04/2024,0
486,2024-04-30,30,4,2024,Tuesday,Apr,Q2,H1,04/2024,0
487,2024-05-01,1,5,2024,Wednesday,May,Q2,H1,05/2024,0
488,2024-05-02,2,5,2024,Thursday,May,Q2,H1,05/2024,0
489,2024-05-03,3,5,2024,Friday,May,Q2,H1,05/2024,0
490,2024-05-04,4,5,2024,Saturday,May,Q2,H1,05/2024,1
491,2024-05-05,5,5,2024,Sunday,May,Q2,H1,05/2024,1
492,2024-05-06,6,5,2024,Monday,May,Q2,H1,05/2024,0
493,2024-05-07,7,5,2024,Tuesday,May,Q2,H1,05/2024,0
494,2024-05-08,8,5,2024,Wednesday,May,Q2,H1,05/2024,0
495,2024-05-09,9,5,2024,Thursday,May,Q2,H1,05/2024,0
496,2024-05-10,10,5,2024,Friday,May,Q2,H1,05/2024,0
497,2024-05-11,11,5,2024,Saturday,May,Q2,H1,05/2024,1
498,2024-05-12,12,5,2024,Sunday,May,Q2,H1,05/2024,1
499,2024-05-13,13,5,2024,Monday,May,Q2,H1,05/2024,0
500,2024-05-14,14,5,2024,Tuesday,May,Q2,H1,05/2024,0
501,2024-05-15,15,5,2024,Wednesday,May,Q2,H1,05/2024,0
502,2024-05-16,16,5,2024,Thursday,May,Q2,H1,05/2024,0
503,2024-05-17,17,5,2024,Friday,May,Q2,H1,05/2024,0
504,2024-05-18,18,5,2024,Saturday,May,Q2,H1,05/2024,1
505,2024-05-19,19,5,2024,Sunday,May,Q2,H1,05/2024,1
506,2024-05-20,20,5,2024,Monday,May,Q2,H1,05/2024,0
507,2024-05-21,21,5,2024,Tuesday,May,Q2,H1,05/2024,0
508,2024-05-22,22,5,2024,Wednesday,May,Q2,H1,05/2024,0
509,2024-05-23,23,5,2024,Thursday,May,Q2,H1,05/2024,0
510,2024-05-24,24,5,2024,Friday,May,Q2,H1,05/2024,0
511,2024-05-25,25,5,2024,Saturday,May,Q2,H1,05/2024,1
512,2024-05-26,26,5,2024,Sunday,May,Q2,H1,05/2024,1
513,2024-05-27,27,5,2024,Monday,May,Q2,H1,05/2024,0
514,2024-05-28,28,5,2024,Tuesday,May,Q2,H1,05/2024,0
515,2024-05-29,29,5,2024,Wednesday,May,Q2,H1,05/2024,0
516,2024-05-30,30,5,2024,Thursday,May,Q2,H1,05/2024,0
517,2024-05-31,31,5,2024,Friday,May,Q2,H1,05/2024,0
518,2024-06-01,1,6,2024,Saturday,Jun,Q2,H1,06/2024,1
519,2024-06-02,2,6,2024,Sunday,Jun,Q2,H1,06/2024,1
520,2024-06-03,3,6,2024,Monday,Jun,Q2,H1,06/2024,0
521,2024-06-04,4,6,2024,Tuesday,Jun,Q2,H1,06/2024,0
522,2024-06-05,5,6,2024,Wednesday,Jun,Q2,H1,06/2024,0
523,2024-06-06,6,6,2024,Thursday,Jun,Q2,H1,06/2024,0
524,2024-06-07,7,6,2024,Friday,Jun,Q2,H1,06/2024,0
525,2024-06-08,8,6,2024,Saturday,Jun,Q2,H1,06/2024,1
526,2024-06-09,9,6,2024,Sunday,Jun,Q2,H1,06/2024,1
527,2024-06-10,10,6,2024,Monday,Jun,Q2,H1,06/2024,0
528,2024-06-11,11,6,2024,Tuesday,Jun,Q2,H1,06/2024,0
529,2024-06-12,12,6,2024,Wednesday,Jun,Q2,H1,06/2024,0
530,2024-06-13,13,6,2024,Thursday,Jun,Q2,H1,06/2024,0
531,2024-06-14,14,6,2024,Friday,Jun,Q2,H1,06/2024,0
532,2024-06-15,15,6,2024,Saturday,Jun,Q2,H1,06/2024,1
533,2024-06-16,16,6,2024,Sunday,Jun,Q2,H1,06/2024,1
534,2024-06-17,17,6,2024,Monday,Jun,Q2,H1,06/2024,0
535,2024-06-18,18,6,2024,Tuesday,Jun,Q2,H1,06/2024,0
536,2024-06-19,19,6,2024,Wednesday,Jun,Q2,H1,06/2024,0
537,2024-06-20,20,6,2024,Thursday,Jun,Q2,H1,06/2024,0
538,2024-06-21,21,6,2024,Friday,Jun,Q2,H1,06/2024,0
539,2024-06-22,22,6,2024,Saturday,Jun,Q2,H1,06/2024,1
540,2024-06-23,23,6,2024,Sunday,Jun,Q2,H1,06/2024,1
541,2024-06-24,24,6,2024,Monday,Jun,Q2,H1,06/2024,0
542,2024-06-25,25,6,2024,Tuesday,Jun,Q2,H1,06/2024,0
543,2024-06-26,26,6,2024,Wednesday,Jun,Q2,H1,06/2024,0
544,2024-06-27,27,6,2024,Thursday,Jun,Q2,H1,06/2024,0
545,2024-06-28,28,6,2024,Friday,Jun,Q2,H1,06/2024,0
546,2024-06-29,29,6,2024,Saturday,Jun,Q2,H1,06/2024,1
547,2024-06-30,30,6,2024,Sunday,Jun,Q2,H1,06/2024,1
